{
  "tr_loss": [
    12.153452449593662,
    3.357294790015733,
    3.204700075890407,
    3.081568183977742,
    2.973868906005355,
    2.9087782832216624,
    2.8773767573774354,
    2.8464521376554632,
    2.824943595681309,
    2.7996102876899656,
    2.6967701517845972,
    2.6450003336283787,
    2.610904764537969,
    2.5866618570217415,
    2.567087295626806,
    2.5574922049341122,
    2.5391065148282643,
    2.5341999451976176,
    2.50824090468982,
    2.5015350452139358,
    2.4844106820004046,
    2.4703018330345468,
    2.45719716962704,
    2.447851435212064,
    2.4285405233871837,
    2.4219552544522878,
    2.4112651978642488,
    2.4057611295999575,
    2.3939106543202047,
    2.3933904525662255
  ],
  "va_loss": [
    3.5031467253162014,
    3.293226226683586,
    3.1613198172661567,
    3.0922315812879995,
    2.971237059562437,
    2.9325380094589724,
    2.902799483268492,
    2.8843817941604124,
    2.8654962201272287,
    2.819993180613364,
    2.7349087269075456,
    2.673911617648217,
    2.742214587426955,
    2.6337688430663078,
    2.62143115843496,
    2.612439816997897,
    2.60635894344699,
    2.591037027297481,
    2.5975584060915056,
    2.5628429612805768,
    2.563967558645433,
    2.5543399933845765,
    2.5479779397287676,
    2.542926134601716,
    2.5486781904774327,
    2.524568303938835,
    2.534178049333634,
    2.5089015499238045,
    2.50826112685665,
    2.5113115156850507
  ],
  "va_cer": [
    0.9517980125934672,
    0.9533500590318772,
    0.9163641282959465,
    0.9159164698937426,
    0.8992670208579299,
    0.8955234159779615,
    0.903056129476584,
    0.9026613537977174,
    0.9027806473829201,
    0.9069104191263281,
    0.8517721861471862,
    0.8334489374262102,
    0.8733495670995671,
    0.7789354584809132,
    0.762923061786698,
    0.8218467138921685,
    0.8143828709169619,
    0.7843036698150334,
    0.7779835694608421,
    0.7841585497835497,
    0.7865308933490751,
    0.8093995966155058,
    0.7904921782762693,
    0.7800656729634003,
    0.791060360094451,
    0.7510896300669028,
    0.7869195198740653,
    0.7650924832743015,
    0.758801898858717,
    0.7370695592286501
  ],
  "va_wer": [
    0.996900826446281,
    0.9979338842975206,
    0.9958677685950413,
    0.9958677685950413,
    0.9958677685950413,
    0.9958677685950413,
    0.996900826446281,
    0.9958677685950413,
    0.996900826446281,
    0.9958677685950413,
    0.9917355371900827,
    0.9948347107438017,
    0.9907024793388429,
    0.9886363636363636,
    0.9896694214876033,
    0.9917355371900827,
    0.9907024793388429,
    0.9907024793388429,
    0.9907024793388429,
    0.987603305785124,
    0.9896694214876033,
    0.9886363636363636,
    0.9886363636363636,
    0.9886363636363636,
    0.9886363636363636,
    0.9865702479338843,
    0.9865702479338843,
    0.984504132231405,
    0.9886363636363636,
    0.987603305785124
  ]
}