{
  "tr_loss": [
    17.604586471210826,
    3.3428165222987656,
    2.96348255330866,
    2.7282915785292947,
    2.5431396035123464,
    2.409892614222755,
    2.31303475316891,
    2.217278031278248,
    2.13928775058305,
    2.072229008044093,
    1.9957904598929666,
    1.9213506525213069,
    1.8431824160016272,
    1.772883809302464,
    1.705103983563825,
    1.6363247642832355,
    1.5843298868699507,
    1.5414110175834215,
    1.4832465333386886,
    1.4317744664909426,
    1.4163360112954761,
    1.3492482575503262,
    1.2819989023129803,
    1.2370249486166585,
    1.1833840731746894,
    1.154889870281062,
    1.1131142387705402,
    1.06475526587037,
    1.0270204440621304,
    0.9811147101654494
  ],
  "va_loss": [
    3.5872005108864076,
    3.1235239198130946,
    2.8556346816401326,
    2.6560138117882515,
    2.5129471671196724,
    2.4025069013718636,
    2.325154681359568,
    2.3006381027160154,
    2.2255739704255135,
    2.1201582570229807,
    2.033641057629739,
    1.9803394233026812,
    1.9300202708090506,
    1.863257411987551,
    1.7431749643818024,
    1.6842414640611219,
    1.6783964095577117,
    1.592306875413464,
    1.5958918832963513,
    1.535350868778844,
    1.5018363306599278,
    1.445371220188756,
    1.4024967224367204,
    1.3327628066462855,
    1.3141071719508017,
    1.2733437476619598,
    1.2364137826427337,
    1.1961139132899623,
    1.187063488268083,
    1.1398561693006946
  ],
  "va_cer": [
    1.0,
    0.8616157516725699,
    0.8116661747343564,
    0.7719500196772925,
    0.7635072314049586,
    0.7211112750885478,
    0.7152548209366391,
    0.7007465072805982,
    0.6696158008658009,
    0.6404343762298307,
    0.6161661255411256,
    0.6053854289649745,
    0.6071490062967335,
    0.5828684573002755,
    0.5210879083038175,
    0.5159238488783944,
    0.5233975304998032,
    0.4951938213301849,
    0.4954594647776466,
    0.4841634691066509,
    0.47844844549390003,
    0.44999877016922474,
    0.4504464285714286,
    0.4232560999606454,
    0.42243211334120423,
    0.3945850550964187,
    0.4009863242817788,
    0.3824417060212515,
    0.37870548012593463,
    0.3582398661944116
  ],
  "va_wer": [
    1.0,
    0.9989669421487604,
    0.9958677685950413,
    0.9927685950413223,
    0.9907024793388429,
    0.9865702479338843,
    0.984504132231405,
    0.9762396694214877,
    0.9710743801652892,
    0.9628099173553719,
    0.9586776859504132,
    0.9524793388429752,
    0.9566115702479339,
    0.9390495867768595,
    0.9028925619834711,
    0.9080578512396694,
    0.9194214876033058,
    0.8884297520661157,
    0.9039256198347108,
    0.8884297520661157,
    0.8853305785123967,
    0.868801652892562,
    0.859504132231405,
    0.8388429752066116,
    0.8295454545454546,
    0.8057851239669421,
    0.8161157024793388,
    0.7861570247933884,
    0.7820247933884298,
    0.7613636363636364
  ]
}