{
  "tr_loss": [
    15.404998787178481,
    3.40632396098996,
    3.2055260209012624,
    3.0673347583487014,
    2.9533864959212375,
    2.904499631282712,
    2.8665948406723905,
    2.7690193337842453,
    2.6908064755526455,
    2.6601444788215574,
    2.6305397364718854,
    2.6113344913671823,
    2.59827723778969,
    2.579588017187828,
    2.566574155791732,
    2.5561116017585945,
    2.5447856828200917,
    2.5318867017414943,
    2.5234951204504847,
    2.511688405817205,
    2.4967272222534684,
    2.492278370975463,
    2.4848082518774617,
    2.4733883290251426,
    2.4638067868130267,
    2.458067013212472,
    2.4510182999382333,
    2.4466780965978447,
    2.4338061316939426,
    2.4290556316533363
  ],
  "va_loss": [
    3.639121401694513,
    3.2990739883915072,
    3.1588445171233146,
    3.0516856255069857,
    2.967760524442119,
    2.917513962714903,
    2.8922157210688435,
    2.7559160109489196,
    2.71982987465397,
    2.683121842722739,
    2.669263293666224,
    2.655877705543272,
    2.6500357120267806,
    2.6167979086599042,
    2.611214214755643,
    2.611525304855839,
    2.6065119158837105,
    2.5832896924787954,
    2.5832814401195896,
    2.582638371375299,
    2.5987714490582867,
    2.5612859956679808,
    2.579226670726653,
    2.563059114640759,
    2.5521604014981176,
    2.5426602363586426,
    2.540577757743097,
    2.5290202171571794,
    2.5206609618279243,
    2.5315795560036936
  ],
  "va_cer": [
    0.9512642660369933,
    0.9505337465564738,
    0.9048381542699725,
    0.8981552538370722,
    0.9066533844942936,
    0.8857560999606453,
    0.9176566804407714,
    0.8008202971271153,
    0.8141922471467926,
    0.7765581955922866,
    0.7699995080676899,
    0.7895845631641085,
    0.7780524399842582,
    0.7710571625344351,
    0.7801898858717041,
    0.7857511806375443,
    0.7640434376229831,
    0.7784841105863832,
    0.7616305096418733,
    0.7608618654073199,
    0.781685360094451,
    0.760724124360488,
    0.8059056473829201,
    0.768603650137741,
    0.7760761019283746,
    0.7685778236914601,
    0.7690513085399449,
    0.7491526465958284,
    0.7632083825265643,
    0.7450118063754426
  ],
  "va_wer": [
    0.9979338842975206,
    0.9979338842975206,
    0.996900826446281,
    0.996900826446281,
    0.9989669421487604,
    0.9958677685950413,
    0.996900826446281,
    0.996900826446281,
    0.9948347107438017,
    0.993801652892562,
    0.9886363636363636,
    0.993801652892562,
    0.993801652892562,
    0.993801652892562,
    0.9907024793388429,
    0.9886363636363636,
    0.9917355371900827,
    0.9927685950413223,
    0.9907024793388429,
    0.9907024793388429,
    0.9907024793388429,
    0.9896694214876033,
    0.9907024793388429,
    0.9886363636363636,
    0.9886363636363636,
    0.9907024793388429,
    0.9886363636363636,
    0.9886363636363636,
    0.9886363636363636,
    0.987603305785124
  ]
}