{
  "tr_loss": [
    27.071010402411467,
    3.6063759622495035,
    3.2777320570196986,
    3.0668244086021232,
    2.921045206795054,
    2.7775593296555448,
    2.6593384447176596,
    2.5476938633879356,
    2.437914749807563,
    2.332957781050816,
    2.2281486456059225,
    2.1389394959142387,
    2.056215968013795,
    1.967341983613889,
    1.869505475375278,
    1.7921847321770408,
    1.7131133207604905,
    1.644542792611871,
    1.5872747907953815,
    1.531591912931647,
    1.463585808257426,
    1.3987939269089502,
    1.343674420325224,
    1.2711057116177455,
    1.2231533354964137,
    1.1580692165154072,
    1.113161659930363,
    1.0697695514387335,
    1.0173838626254688,
    0.9729937842069578
  ],
  "va_loss": [
    3.8603119542521815,
    3.4499906186134583,
    3.1720991057734333,
    3.043149209791614,
    2.877800795339769,
    2.786682705725393,
    2.6761056607769382,
    2.5558486061711467,
    2.4672891247657036,
    2.387493787273284,
    2.2913772598389657,
    2.17402430119053,
    2.1294375888762938,
    2.044735327843697,
    1.9562226380071333,
    1.8398363936331965,
    1.7637965448441044,
    1.7096683056123796,
    1.6895849127923288,
    1.6593895343042189,
    1.5419529138072845,
    1.5376307541324246,
    1.4531672154703448,
    1.3948231935501099,
    1.322701265735011,
    1.2806549725993988,
    1.2657182370462725,
    1.2027195345970891,
    1.1557885600674538,
    1.1143506669229077
  ],
  "va_cer": [
    1.0,
    1.0,
    0.8455898268398269,
    0.8083136560409288,
    0.7962588547815821,
    0.7837145808736717,
    0.760913518299882,
    0.7554432310114128,
    0.7519886363636363,
    0.7283057851239669,
    0.6816558441558441,
    0.673332349468713,
    0.6613390397481306,
    0.6318255608028336,
    0.6061491538764265,
    0.5752053817394728,
    0.550025826446281,
    0.5388860192837466,
    0.5499692542306178,
    0.5222734651711924,
    0.47481921487603307,
    0.47318845926800474,
    0.44843442542306183,
    0.44362209759937027,
    0.4062204840613932,
    0.395271300669028,
    0.38441312475403383,
    0.37809302439984255,
    0.3612295848091303,
    0.3518213793781976
  ],
  "va_wer": [
    1.0,
    1.0,
    1.0,
    0.9989669421487604,
    0.9979338842975206,
    0.9979338842975206,
    0.9948347107438017,
    0.993801652892562,
    0.9927685950413223,
    0.9855371900826446,
    0.9793388429752066,
    0.9762396694214877,
    0.9741735537190083,
    0.9648760330578512,
    0.9617768595041323,
    0.9349173553719008,
    0.9214876033057852,
    0.9163223140495868,
    0.9245867768595041,
    0.9018595041322314,
    0.871900826446281,
    0.8636363636363636,
    0.862603305785124,
    0.856404958677686,
    0.8119834710743802,
    0.8026859504132231,
    0.8047520661157025,
    0.7840909090909091,
    0.7551652892561983,
    0.7613636363636364
  ]
}