{
  "tr_loss": [
    18.676370573437904,
    3.5244410215330517,
    3.327890876896125,
    3.2415174373910447,
    3.148521661758423,
    3.0563423692687484,
    2.9918966076590796,
    2.935558520072748,
    2.896650310390252,
    2.868601198038779,
    2.839349506315121,
    2.8191838343281392,
    2.8022993024715706,
    2.790434086618345,
    2.7779412151368197,
    2.7669652808796275,
    2.756626976423027,
    2.747652834111994,
    2.7342307685820524,
    2.7259965002044173,
    2.720227921304624,
    2.7113995965847297,
    2.703741051933982,
    2.698728153528261,
    2.688329546904761,
    2.6844411250973534,
    2.6781256849115547,
    2.6711491710883526,
    2.6678662280405847,
    2.6632797836272184
  ],
  "va_loss": [
    3.8019895553588867,
    3.4044916091426725,
    3.2974765916024484,
    3.2545296453660533,
    3.1110905524223083,
    3.0483112873569613,
    2.9985960068241244,
    2.9605946002467984,
    2.9219624227093113,
    2.9190842797679286,
    2.894572311832059,
    2.8453869512004237,
    2.8431492467080393,
    2.8306260878039944,
    2.816797379524477,
    2.8039694524580434,
    2.802248616372385,
    2.7975640681482132,
    2.7837977101725917,
    2.7876178603018484,
    2.777264310467628,
    2.7632800225288636,
    2.7612556719010874,
    2.765258235316123,
    2.755079807773713,
    2.755805807728921,
    2.758896258569533,
    2.748610827230638,
    2.744608156142696,
    2.741016226430093
  ],
  "va_cer": [
    0.9571010428964974,
    0.9569362455726091,
    0.9535886462022827,
    0.949232585596222,
    0.9231404958677686,
    0.8563779024006296,
    0.9047422274695003,
    0.9020833333333333,
    0.8650875639512003,
    0.8861865407319953,
    0.9044495277449823,
    0.850094696969697,
    0.8444288665879575,
    0.8300250885478159,
    0.8264167650531287,
    0.8363451889020072,
    0.8467274203069658,
    0.8462822215663125,
    0.8410542109405745,
    0.8508350550964188,
    0.8449417060212515,
    0.8328241833923652,
    0.8323679161747344,
    0.8514573494687131,
    0.8322289452971271,
    0.823693919716647,
    0.8464015151515152,
    0.8426542207792207,
    0.8291297717434081,
    0.8342926013380558
  ],
  "va_wer": [
    0.9979338842975206,
    0.9979338842975206,
    0.9979338842975206,
    0.9979338842975206,
    0.9958677685950413,
    0.996900826446281,
    0.9958677685950413,
    0.9958677685950413,
    0.9958677685950413,
    0.993801652892562,
    0.9958677685950413,
    0.996900826446281,
    0.996900826446281,
    0.9948347107438017,
    0.9948347107438017,
    0.9958677685950413,
    0.996900826446281,
    0.993801652892562,
    0.9958677685950413,
    0.993801652892562,
    0.993801652892562,
    0.993801652892562,
    0.9948347107438017,
    0.993801652892562,
    0.9948347107438017,
    0.993801652892562,
    0.9927685950413223,
    0.9927685950413223,
    0.993801652892562,
    0.993801652892562
  ]
}