{
  "tr_loss": [
    16.892223267515828,
    3.4256724661046807,
    3.0857971719473847,
    2.9118278263028987,
    2.7271433290371223,
    2.5726424780758945,
    2.4540770842024116,
    2.3228684082504145,
    2.1983587209843405,
    2.0923404417747307,
    1.9626507325605913,
    1.8044987867686375,
    1.6903986861883116,
    1.5823365292273277,
    1.4710861414917245,
    1.3785872932307977,
    1.312923808728368,
    1.2161963227366612,
    1.121378294692552,
    1.054059998555617,
    0.9881086817457656,
    0.899328820961566,
    0.8323666808033777,
    0.7820573582136927,
    0.7199086679899989,
    0.671245256977633,
    0.6257820764849008,
    0.576885931748004,
    0.5503942626566927,
    0.522490906567613
  ],
  "va_loss": [
    3.7079784024146294,
    3.2329320523046676,
    3.019814052889424,
    2.857301850472727,
    2.682941275258218,
    2.547325849533081,
    2.459565624114006,
    2.36738771007907,
    2.2170146434537825,
    2.101160410911806,
    1.9778203964233398,
    1.8408227889768538,
    1.7824403778199227,
    1.6696303275323683,
    1.5709349532281198,
    1.4985367290435299,
    1.4168467290939823,
    1.3323264391191545,
    1.2567387069425275,
    1.2465492390817212,
    1.1150035531290117,
    1.086261349339639,
    1.0221630757854832,
    0.9676794948116425,
    0.9143425995303739,
    0.8472610962006354,
    0.8419578998319565,
    0.7864181956937236,
    0.7977800090466777,
    0.7634519569335445
  ],
  "va_cer": [
    1.0,
    0.8856060606060606,
    0.8368137544273908,
    0.7915953364817001,
    0.77926751279024,
    0.7617288961038962,
    0.7386277548209367,
    0.7184105667060212,
    0.6836420208579299,
    0.6703672274695002,
    0.6267217630853994,
    0.5989140594254231,
    0.5818378591105864,
    0.550530057064148,
    0.5392525088547816,
    0.49200732979142076,
    0.48902253049980327,
    0.4176948051948052,
    0.40864939984258164,
    0.40342753837072015,
    0.36134518890200706,
    0.3502926997245179,
    0.32785812672176307,
    0.30304629083038176,
    0.2937856650924833,
    0.26969451003541917,
    0.26149891774891776,
    0.25365751672569853,
    0.24659459858323493,
    0.23147751869342778
  ],
  "va_wer": [
    1.0,
    0.9989669421487604,
    0.9979338842975206,
    0.9958677685950413,
    0.9948347107438017,
    0.9958677685950413,
    0.981404958677686,
    0.9855371900826446,
    0.9824380165289256,
    0.981404958677686,
    0.9731404958677686,
    0.96900826446281,
    0.9504132231404959,
    0.9576446280991735,
    0.9442148760330579,
    0.9090909090909091,
    0.9142561983471075,
    0.8419421487603306,
    0.8398760330578512,
    0.8336776859504132,
    0.7820247933884298,
    0.7820247933884298,
    0.7458677685950413,
    0.7066115702479339,
    0.7024793388429752,
    0.6611570247933884,
    0.6425619834710744,
    0.6239669421487604,
    0.6043388429752066,
    0.5795454545454546
  ]
}