{
  "tr_loss": [
    30.9472752711812,
    3.873107808535216,
    3.491271054158445,
    3.2291793666902135,
    3.057895973080494,
    2.948198764050593,
    2.8405154103138406,
    2.71138825572905,
    2.6012087024626185,
    2.5034582302218578,
    2.3958133126868577,
    2.3016251188809753,
    2.2300215822751404,
    2.1657789457039756,
    2.056330860638228,
    1.9844064223961753,
    1.8844460385744688,
    1.8028011380649003,
    1.7059946587828339,
    1.6159722199205493,
    1.501694694894259,
    1.4371986389160156,
    1.3434248615483768,
    1.3015677244936834,
    1.2090935374869676,
    1.1195857847323183,
    1.057939133683189,
    1.000872483018969,
    0.9491213374450559,
    0.9168655960286249
  ],
  "va_loss": [
    4.144966959953308,
    3.6623281687498093,
    3.3676064759492874,
    3.156450778245926,
    3.039162337779999,
    2.929770365357399,
    2.8735604137182236,
    2.7079856991767883,
    2.611636906862259,
    2.5348288863897324,
    2.4375377893447876,
    2.3614275604486465,
    2.344235986471176,
    2.1940550953149796,
    2.106871247291565,
    2.0340589731931686,
    1.942881003022194,
    1.868141308426857,
    1.7811806127429008,
    1.6560429632663727,
    1.5817174762487411,
    1.50803492218256,
    1.4953681081533432,
    1.3490170314908028,
    1.3090687096118927,
    1.2391014024615288,
    1.1799907758831978,
    1.1481342613697052,
    1.1131467297673225,
    1.0504168160259724
  ],
  "va_cer": [
    1.0,
    1.0,
    0.9774276859504132,
    0.851357733175915,
    0.8293818870523416,
    0.8087859110586384,
    0.7798037190082645,
    0.7767475895316804,
    0.7518324478551752,
    0.7463572412436048,
    0.727754820936639,
    0.7141947068083432,
    0.700289010232192,
    0.65599173553719,
    0.6513601928374656,
    0.6099321133412042,
    0.5967741538764265,
    0.5821526957890594,
    0.5688692935852027,
    0.5297348484848484,
    0.49705947461629285,
    0.46844869146005513,
    0.4574736816214089,
    0.4223657024793388,
    0.417784582841401,
    0.38004230617866985,
    0.3752963892168437,
    0.3520759543486816,
    0.35282123179850455,
    0.32610807752853205
  ],
  "va_wer": [
    1.0,
    1.0,
    1.0,
    0.9989669421487604,
    0.9979338842975206,
    0.9979338842975206,
    0.9979338842975206,
    0.9958677685950413,
    0.993801652892562,
    0.9948347107438017,
    0.9917355371900827,
    0.987603305785124,
    0.9834710743801653,
    0.9700413223140496,
    0.9669421487603306,
    0.9411157024793388,
    0.9462809917355371,
    0.9421487603305785,
    0.9328512396694215,
    0.9163223140495868,
    0.8987603305785123,
    0.8863636363636364,
    0.8739669421487604,
    0.8543388429752066,
    0.8450413223140496,
    0.8119834710743802,
    0.8037190082644629,
    0.7778925619834711,
    0.7551652892561983,
    0.737603305785124
  ]
}