{
  "tr_loss": [
    30.9472752711812,
    3.873107808535216,
    3.491271054158445,
    3.2291793666902135,
    3.057895973080494,
    2.948198764050593,
    2.8405154103138406,
    2.71138825572905,
    2.6012087024626185,
    2.5034582302218578,
    2.3958133126868577,
    2.3016251188809753,
    2.2300215822751404,
    2.1657789457039756,
    2.056330860638228,
    1.9844064223961753,
    1.8844460385744688,
    1.8028011380649003,
    1.7059946587828339,
    1.6159722199205493,
    1.501694694894259,
    1.4371986389160156,
    1.3434248615483768,
    1.3015677244936834,
    1.2090935374869676,
    1.1195857847323183,
    1.057939133683189,
    1.000872483018969,
    0.9491213374450559,
    0.9168655960286249,
    0.8517817454259904,
    0.8092420110937024,
    0.7796152791038888,
    0.7221527803139608,
    0.7227484486142143,
    0.6584892214321699,
    0.5804146430531486,
    0.5591244243207525,
    0.5213878794771726,
    0.5066745628098972,
    0.485237963375498,
    0.4590072040675116,
    0.4177109550257198,
    0.37670271611604533,
    0.36256026806401426,
    0.3406268509685016,
    0.3128532906536196,
    0.31868277148145147,
    0.2908502687684825,
    0.2763010153516394,
    0.24878760146313025,
    0.22088241772573503,
    0.20297469613982028,
    0.2025861791411384,
    0.19814118816227208,
    0.2061893361025169,
    0.17056437374138442,
    0.16581494495516919,
    0.1653136562128536,
    0.13480024284026662
  ],
  "va_loss": [
    4.144966959953308,
    3.6623281687498093,
    3.3676064759492874,
    3.156450778245926,
    3.039162337779999,
    2.929770365357399,
    2.8735604137182236,
    2.7079856991767883,
    2.611636906862259,
    2.5348288863897324,
    2.4375377893447876,
    2.3614275604486465,
    2.344235986471176,
    2.1940550953149796,
    2.106871247291565,
    2.0340589731931686,
    1.942881003022194,
    1.868141308426857,
    1.7811806127429008,
    1.6560429632663727,
    1.5817174762487411,
    1.50803492218256,
    1.4953681081533432,
    1.3490170314908028,
    1.3090687096118927,
    1.2391014024615288,
    1.1799907758831978,
    1.1481342613697052,
    1.1131467297673225,
    1.0504168160259724,
    1.0033499039709568,
    0.9667964167892933,
    0.9386248178780079,
    0.900463417172432,
    0.8685635402798653,
    0.8392232954502106,
    0.7937088124454021,
    0.7584959156811237,
    0.7186015658080578,
    0.7216493710875511,
    0.7434342913329601,
    0.661852203309536,
    0.6345301009714603,
    0.5885066892951727,
    0.6056675389409065,
    0.5579456128180027,
    0.6039750352501869,
    0.5613544508814812,
    0.5775013957172632,
    0.5108779333531857,
    0.48062421567738056,
    0.46901060454547405,
    0.4668128155171871,
    0.47040776163339615,
    0.48705487325787544,
    0.4513847567141056,
    0.41899770498275757,
    0.40584632009267807,
    0.4123475831001997,
    0.40668194368481636
  ],
  "va_cer": [
    1.0,
    1.0,
    0.9774276859504132,
    0.851357733175915,
    0.8293818870523416,
    0.8087859110586384,
    0.7798037190082645,
    0.7767475895316804,
    0.7518324478551752,
    0.7463572412436048,
    0.727754820936639,
    0.7141947068083432,
    0.700289010232192,
    0.65599173553719,
    0.6513601928374656,
    0.6099321133412042,
    0.5967741538764265,
    0.5821526957890594,
    0.5688692935852027,
    0.5297348484848484,
    0.49705947461629285,
    0.46844869146005513,
    0.4574736816214089,
    0.4223657024793388,
    0.417784582841401,
    0.38004230617866985,
    0.3752963892168437,
    0.3520759543486816,
    0.35282123179850455,
    0.32610807752853205,
    0.3228465663124754,
    0.30702725304998035,
    0.30053866587957495,
    0.28772136953955135,
    0.2735586383313656,
    0.2659250787091696,
    0.2540965663124754,
    0.23509199134199135,
    0.22258215269578907,
    0.21684991145218416,
    0.23140987800078708,
    0.20162829594647777,
    0.19354461826052735,
    0.18875934671389216,
    0.18557531483667847,
    0.1763983175914994,
    0.18773243801652892,
    0.1714986717827627,
    0.17237185163321525,
    0.15897038567493113,
    0.15188287091696184,
    0.14407344549390005,
    0.14702872884691068,
    0.13408475993703264,
    0.15713916765053126,
    0.1381112258953168,
    0.1309560704447068,
    0.12694067296340023,
    0.1252164502164502,
    0.13009887839433293
  ],
  "va_wer": [
    1.0,
    1.0,
    1.0,
    0.9989669421487604,
    0.9979338842975206,
    0.9979338842975206,
    0.9979338842975206,
    0.9958677685950413,
    0.993801652892562,
    0.9948347107438017,
    0.9917355371900827,
    0.987603305785124,
    0.9834710743801653,
    0.9700413223140496,
    0.9669421487603306,
    0.9411157024793388,
    0.9462809917355371,
    0.9421487603305785,
    0.9328512396694215,
    0.9163223140495868,
    0.8987603305785123,
    0.8863636363636364,
    0.8739669421487604,
    0.8543388429752066,
    0.8450413223140496,
    0.8119834710743802,
    0.8037190082644629,
    0.7778925619834711,
    0.7551652892561983,
    0.737603305785124,
    0.7520661157024794,
    0.7035123966942148,
    0.6890495867768595,
    0.6880165289256198,
    0.6642561983471075,
    0.6342975206611571,
    0.6074380165289256,
    0.5867768595041323,
    0.5619834710743802,
    0.5609504132231405,
    0.5712809917355371,
    0.518595041322314,
    0.5103305785123967,
    0.4896694214876033,
    0.49483471074380164,
    0.4669421487603306,
    0.484504132231405,
    0.4607438016528926,
    0.45661157024793386,
    0.4194214876033058,
    0.4225206611570248,
    0.41012396694214875,
    0.40702479338842973,
    0.37293388429752067,
    0.41632231404958675,
    0.38636363636363635,
    0.3584710743801653,
    0.3440082644628099,
    0.34917355371900827,
    0.3584710743801653
  ]
}