{
  "tr_loss": [
    20.505823655206648,
    3.627540494574875,
    3.36823848036469,
    3.2720308108407945,
    3.1835773499285587,
    3.103114171106307,
    3.023051664477489,
    2.9669976508031124,
    2.919827719203761,
    2.890159188723955,
    2.8624011805800142,
    2.848280007721948,
    2.8291992867579228,
    2.8134878971537605,
    2.8020573483138786,
    2.7893861082733653,
    2.7789432220771664,
    2.772085932434582,
    2.752637237798972,
    2.7360380516677605,
    2.71710476328115,
    2.7094382848895964,
    2.694267206504697,
    2.6486344181123327,
    2.5913455447212597,
    2.574081213747869,
    2.546301923814367,
    2.5253199632050563,
    2.523345024859319,
    2.4929115733162304
  ],
  "va_loss": [
    3.892650827765465,
    3.4631898552179337,
    3.3449575006961823,
    3.2601700723171234,
    3.1772708743810654,
    3.1025019735097885,
    3.036577045917511,
    2.9913430958986282,
    2.9618156403303146,
    2.962303504347801,
    2.928939402103424,
    2.9068391025066376,
    2.897851377725601,
    2.884055882692337,
    2.869705945253372,
    2.8457739800214767,
    2.836663141846657,
    2.828191176056862,
    2.8229570537805557,
    2.8048228472471237,
    2.792604446411133,
    2.7713332772254944,
    2.7665471881628036,
    2.704678237438202,
    2.6668680757284164,
    2.6244499683380127,
    2.6305381506681442,
    2.6117601096630096,
    2.60008405148983,
    2.583008646965027
  ],
  "va_cer": [
    0.96202528532074,
    0.9516086186540733,
    0.9550865800865802,
    0.9535714285714285,
    0.9232438016528927,
    0.9077651515151516,
    0.9036157024793389,
    0.89982782369146,
    0.9062143349075168,
    0.9038395316804407,
    0.9036402990948444,
    0.8993199035812673,
    0.8981921487603306,
    0.9009039256198348,
    0.8823925127902401,
    0.8557519185360094,
    0.8561319362455726,
    0.8374692542306179,
    0.8492448839039748,
    0.8436712908303817,
    0.8404872589531681,
    0.843068673750492,
    0.8373905450609996,
    0.8376561885084612,
    0.7892340613931524,
    0.7806301652892562,
    0.7829004329004329,
    0.7747687918142463,
    0.7664416076347893,
    0.7638429752066116
  ],
  "va_wer": [
    0.9989669421487604,
    0.9979338842975206,
    0.9979338842975206,
    0.9979338842975206,
    0.9958677685950413,
    0.9958677685950413,
    0.9958677685950413,
    0.9948347107438017,
    0.9948347107438017,
    0.9927685950413223,
    0.9948347107438017,
    0.9958677685950413,
    0.9958677685950413,
    0.9958677685950413,
    0.9948347107438017,
    0.996900826446281,
    0.9948347107438017,
    0.993801652892562,
    0.9886363636363636,
    0.9917355371900827,
    0.993801652892562,
    0.9948347107438017,
    0.9896694214876033,
    0.9917355371900827,
    0.9927685950413223,
    0.9896694214876033,
    0.9927685950413223,
    0.9855371900826446,
    0.9896694214876033,
    0.9927685950413223
  ]
}