{
  "tr_loss": [
    9.697963643665156,
    3.1405206475376097,
    2.7803674591474294,
    2.5494170543576073,
    2.278967982481334,
    1.9956597877928048,
    1.7869901381248285,
    1.5921967866992162,
    1.4383007169755038,
    1.2997026610965572,
    1.140287871695747,
    1.0106822414831682,
    0.8874459187846538,
    0.7987618865060412,
    0.6918535193135916,
    0.6295848853331952,
    0.5298089362865637,
    0.45832266886372214,
    0.3997551410897704,
    0.3434119888327338,
    0.2856031927195462,
    0.2577168947039557,
    0.2283103582410773,
    0.1783199574459683,
    0.1409755400266529,
    0.12819331631926464,
    0.10268762356732503,
    0.10117432933824122,
    0.0870071343831287,
    0.08539620191166716
  ],
  "va_loss": [
    3.4460355312593522,
    3.0316589724633003,
    2.705805863103559,
    2.540053621415169,
    2.2188286166037283,
    1.9443433784669446,
    1.783470553736533,
    1.5902726342601161,
    1.4900362530062277,
    1.3142591176494476,
    1.2141303496976052,
    1.1216991716815579,
    1.0078309409080013,
    0.9130031235756413,
    0.839991940606025,
    0.7476355356554831,
    0.6722568138953178,
    0.612266493420447,
    0.5782001778002708,
    0.5229483496758246,
    0.4936332010453747,
    0.500092024764707,
    0.42846928008141055,
    0.3717132321288509,
    0.37697447547989504,
    0.3423155805756969,
    0.36423455563283735,
    0.32543874075335844,
    0.31343840735573925,
    0.30081246504860537
  ],
  "va_cer": [
    0.9745179063360881,
    0.8035050177095632,
    0.7750258264462809,
    0.7646780303030303,
    0.6818895120031483,
    0.6019603502558047,
    0.5748610291223928,
    0.5167552144824872,
    0.47770562770562763,
    0.41427464580873674,
    0.40274621212121214,
    0.3725378787878788,
    0.32380460448642273,
    0.2956279515938607,
    0.2778138528138528,
    0.24082300275482094,
    0.21719672373081464,
    0.19470065918929555,
    0.1789858815426997,
    0.1619969992129083,
    0.15966769972451791,
    0.16214334907516725,
    0.13474148957103502,
    0.11525482093663912,
    0.12368531090121998,
    0.11070813656040927,
    0.11097623966942148,
    0.0982401121605667,
    0.09484331955922864,
    0.09259518890200708
  ],
  "va_wer": [
    0.9979338842975206,
    0.9979338842975206,
    0.9948347107438017,
    0.9927685950413223,
    0.9772727272727273,
    0.9545454545454546,
    0.9473140495867769,
    0.9111570247933884,
    0.893595041322314,
    0.8357438016528925,
    0.8130165289256198,
    0.7923553719008265,
    0.7427685950413223,
    0.6911157024793388,
    0.6880165289256198,
    0.5857438016528925,
    0.5723140495867769,
    0.5103305785123967,
    0.47830578512396693,
    0.4142561983471074,
    0.41838842975206614,
    0.4287190082644628,
    0.3677685950413223,
    0.3181818181818182,
    0.3357438016528926,
    0.2892561983471074,
    0.30578512396694213,
    0.25826446280991733,
    0.25206611570247933,
    0.25413223140495866
  ]
}