{
  "tr_loss": [
    8.355802863097388,
    3.19694916078867,
    3.0096631759454398,
    2.923891991623177,
    2.8790169964151935,
    2.8609854761234,
    2.8252181947723893,
    2.801400515658796,
    2.7893429748282945,
    2.7620489676136617,
    2.755280500601146,
    2.7293088593758825,
    2.7268457077751473,
    2.7047355904066857,
    2.690524719963389,
    2.6780506539935907,
    2.6716157601884576,
    2.6530102264782616,
    2.643299727400472,
    2.636400189281495,
    2.622082195991327,
    2.612942224691722,
    2.608889636914592,
    2.5931907015398514,
    2.5826975747573475,
    2.5650327895298477,
    2.55083934334684,
    2.5457448782014453,
    2.5333119285993337,
    2.7493612431297616
  ],
  "va_loss": [
    3.366211329737017,
    3.0836451668893137,
    2.990246726620582,
    2.933730971428656,
    2.9119547490150697,
    2.8901612527908815,
    2.8519353789667927,
    2.923558312077676,
    2.8373200508856002,
    2.821977884538712,
    2.7896942169435563,
    2.783270743585402,
    2.800219182045229,
    2.768883066792642,
    2.7672572828108266,
    2.7526638738570677,
    2.768127949007096,
    2.734341705999067,
    2.749494560303227,
    2.7328866681744977,
    2.7122461949625323,
    2.716548673568233,
    2.698805493693198,
    2.683069852090651,
    2.709651239456669,
    2.689156109286893,
    2.6906238755872174,
    2.6659442916993172,
    2.6883770573523735,
    2.7053154591591126
  ],
  "va_cer": [
    0.9586801456119638,
    0.9145488980716253,
    0.9143226092089728,
    0.8997933884297521,
    0.9134297520661158,
    0.9024707300275483,
    0.9003123770169225,
    0.9033070149547423,
    0.8625701003541912,
    0.8380755608028335,
    0.8181203266430539,
    0.8339605470287288,
    0.8193329397874851,
    0.8164834218811491,
    0.8720041322314049,
    0.8439725993703266,
    0.8545762003148367,
    0.8319190279417552,
    0.8500098386462022,
    0.838568722943723,
    0.8283328414010233,
    0.816353059818969,
    0.8057986521054702,
    0.802698248720976,
    0.8273292994883904,
    0.8110340417158599,
    0.8258338252656434,
    0.8276834907516726,
    0.8235697068083432,
    0.8195493900039353
  ],
  "va_wer": [
    0.996900826446281,
    0.993801652892562,
    0.996900826446281,
    0.9948347107438017,
    0.993801652892562,
    0.9927685950413223,
    0.9927685950413223,
    0.9948347107438017,
    0.9896694214876033,
    0.9948347107438017,
    0.993801652892562,
    0.9917355371900827,
    0.9917355371900827,
    0.9927685950413223,
    0.9896694214876033,
    0.9927685950413223,
    0.9896694214876033,
    0.9907024793388429,
    0.9886363636363636,
    0.9907024793388429,
    0.9917355371900827,
    0.9886363636363636,
    0.9927685950413223,
    0.9896694214876033,
    0.9896694214876033,
    0.9896694214876033,
    0.9907024793388429,
    0.9896694214876033,
    0.9896694214876033,
    0.9896694214876033
  ]
}