{
  "tr_loss": [
    20.505823655206648,
    3.627540494574875,
    3.36823848036469,
    3.2720308108407945,
    3.1835773499285587,
    3.103114171106307,
    3.023051664477489,
    2.9669976508031124,
    2.919827719203761,
    2.890159188723955,
    2.8624011805800142,
    2.848280007721948,
    2.8291992867579228,
    2.8134878971537605,
    2.8020573483138786,
    2.7893861082733653,
    2.7789432220771664,
    2.772085932434582,
    2.752637237798972,
    2.7360380516677605,
    2.71710476328115,
    2.7094382848895964,
    2.694267206504697,
    2.6486344181123327,
    2.5913455447212597,
    2.574081213747869,
    2.546301923814367,
    2.5253199632050563,
    2.523345024859319,
    2.4929115733162304,
    2.494254862675901,
    2.4796833952919384,
    2.470419629675443,
    2.4665350640406376,
    2.4653195787648685,
    2.4439041536362445,
    2.438821292314373,
    2.4335953212175214,
    2.418367624282837,
    2.4060019665077084,
    2.4029189641358424,
    2.4053924865409977,
    2.3949502530645153,
    2.3991109621329385,
    2.3872593621738623,
    2.3911779552209573,
    2.3750339101572506,
    2.365109025454912,
    2.3510931280792735,
    2.3511548081382374,
    2.336493480400961,
    2.3386932865518038,
    2.325058729922185,
    2.3223683834075928,
    2.3076887287077357,
    2.3129045885117328,
    2.308763672093876,
    2.2961213666884626,
    2.2923656838839173,
    2.2822675939466133
  ],
  "va_loss": [
    3.892650827765465,
    3.4631898552179337,
    3.3449575006961823,
    3.2601700723171234,
    3.1772708743810654,
    3.1025019735097885,
    3.036577045917511,
    2.9913430958986282,
    2.9618156403303146,
    2.962303504347801,
    2.928939402103424,
    2.9068391025066376,
    2.897851377725601,
    2.884055882692337,
    2.869705945253372,
    2.8457739800214767,
    2.836663141846657,
    2.828191176056862,
    2.8229570537805557,
    2.8048228472471237,
    2.792604446411133,
    2.7713332772254944,
    2.7665471881628036,
    2.704678237438202,
    2.6668680757284164,
    2.6244499683380127,
    2.6305381506681442,
    2.6117601096630096,
    2.60008405148983,
    2.583008646965027,
    2.5966446101665497,
    2.5734712332487106,
    2.5687084197998047,
    2.5896048694849014,
    2.5875323861837387,
    2.553916424512863,
    2.559709995985031,
    2.554010421037674,
    2.5265308916568756,
    2.536196619272232,
    2.5591801553964615,
    2.532335713505745,
    2.553313449025154,
    2.519087389111519,
    2.559807062149048,
    2.51835635304451,
    2.504653975367546,
    2.4902536422014236,
    2.4998872131109238,
    2.4911855161190033,
    2.480300173163414,
    2.4878153651952744,
    2.4830455780029297,
    2.481001392006874,
    2.4684080481529236,
    2.4657891988754272,
    2.4737653136253357,
    2.461580753326416,
    2.4705365747213364,
    2.4589675217866898
  ],
  "va_cer": [
    0.96202528532074,
    0.9516086186540733,
    0.9550865800865802,
    0.9535714285714285,
    0.9232438016528927,
    0.9077651515151516,
    0.9036157024793389,
    0.89982782369146,
    0.9062143349075168,
    0.9038395316804407,
    0.9036402990948444,
    0.8993199035812673,
    0.8981921487603306,
    0.9009039256198348,
    0.8823925127902401,
    0.8557519185360094,
    0.8561319362455726,
    0.8374692542306179,
    0.8492448839039748,
    0.8436712908303817,
    0.8404872589531681,
    0.843068673750492,
    0.8373905450609996,
    0.8376561885084612,
    0.7892340613931524,
    0.7806301652892562,
    0.7829004329004329,
    0.7747687918142463,
    0.7664416076347893,
    0.7638429752066116,
    0.7880251377410468,
    0.7719451003541913,
    0.748384002361275,
    0.771241637150728,
    0.7650113144431326,
    0.7495793978748524,
    0.7657246162927981,
    0.7644209956709956,
    0.7424623671782763,
    0.7526859504132231,
    0.7693366292798111,
    0.75575437819756,
    0.755685507674144,
    0.7534140102321919,
    0.7653138528138529,
    0.7329705332546241,
    0.7580344844549389,
    0.7495043781975601,
    0.748957103502558,
    0.7388995474222746,
    0.7458591597796143,
    0.7351042896497442,
    0.7382145316804408,
    0.747914207005116,
    0.7286132428177883,
    0.7374298996458086,
    0.7505460448642267,
    0.7415645907123178,
    0.7348595533254624,
    0.7451889020070839
  ],
  "va_wer": [
    0.9989669421487604,
    0.9979338842975206,
    0.9979338842975206,
    0.9979338842975206,
    0.9958677685950413,
    0.9958677685950413,
    0.9958677685950413,
    0.9948347107438017,
    0.9948347107438017,
    0.9927685950413223,
    0.9948347107438017,
    0.9958677685950413,
    0.9958677685950413,
    0.9958677685950413,
    0.9948347107438017,
    0.996900826446281,
    0.9948347107438017,
    0.993801652892562,
    0.9886363636363636,
    0.9917355371900827,
    0.993801652892562,
    0.9948347107438017,
    0.9896694214876033,
    0.9917355371900827,
    0.9927685950413223,
    0.9896694214876033,
    0.9927685950413223,
    0.9855371900826446,
    0.9896694214876033,
    0.9927685950413223,
    0.9907024793388429,
    0.9896694214876033,
    0.9896694214876033,
    0.9886363636363636,
    0.9896694214876033,
    0.9896694214876033,
    0.984504132231405,
    0.987603305785124,
    0.987603305785124,
    0.9865702479338843,
    0.987603305785124,
    0.987603305785124,
    0.984504132231405,
    0.987603305785124,
    0.9834710743801653,
    0.9855371900826446,
    0.9886363636363636,
    0.9896694214876033,
    0.987603305785124,
    0.9886363636363636,
    0.987603305785124,
    0.9865702479338843,
    0.9865702479338843,
    0.9886363636363636,
    0.987603305785124,
    0.9907024793388429,
    0.987603305785124,
    0.9824380165289256,
    0.9865702479338843,
    0.9907024793388429
  ]
}